tag,count
mobile-systems,271
vision-video,31
security-privacy,24
ml-systems,23
localization-tracking,21
edge-computing,21
audio-acoustics,20
cellular,19
mmwave,18
autonomous-systems,17
measurement-analysis,16
wifi,15
metasurfaces,12
bluetooth-audio,12
lora-lpwan,12
llm,11
satellite,9
drones-uav,8
health,8
radar,8
underwater,8
rfid,7
xr-media,7
federated-learning,7
backscatter,7
streaming,7
cloud-systems,7
award-recognized,6
network-operations,5
experience-paper,5
battery-free,5
agriculture,5
robotics,3
optical-networking,2
lidar,2
uwb,1
systems-software,1
